,id,firstname,lastname,location_city,location_country,location_state,location_latitude,location_longitude,location_postcode,location_street_info,email,gender,login_uuid,login_username,login_password,phone,cell,date_of_birth,age,date_of_registration,photo_link,extract_time,country_iso2,year_of_registration,month_of_registration,day_of_registration,password_length,loging_length,transform_timestamp
0,BSN 26714776,Elijah,Sinnema,Fort,Netherlands,Friesland,30.6184,-17.5801,9501 ZZ,"Het Wendelgoor, 9419",elijah.sinnema@example.com,M,3a5fb43e-aca7-469f-8260-bf0a1d5dcb3e,happybear752,brandi,(008) 3877290,(06) 42152005,2000-02-18 05:56:07.969000+00:00,24,2003-01-22 13:03:04.054000+00:00,https://randomuser.me/api/portraits/men/67.jpg,2024-11-02 15:04:32.223746,NL,2003,1,22,6,12,2024-11-02 15:06:26.690238
1,INSEE 1680115804775 46,Noe,Thomas,Clermont-Ferrand,France,Allier,-21.3846,-165.6499,27746,"Rue des Cuirassiers, 5990",noe.thomas@example.com,M,cfc9b403-bec4-4b06-9e60-c685ca0f9413,happybird795,test123,04-60-96-20-22,06-99-51-76-99,1968-02-05 10:31:55.111000+00:00,56,2012-07-18 05:07:12.877000+00:00,https://randomuser.me/api/portraits/men/34.jpg,2024-11-02 15:04:33.447230,FR,2012,7,18,7,12,2024-11-02 15:06:26.690238
2,AVS 756.2457.9765.20,Adem,Fleury,Mühlau,Switzerland,Obwalden,-57.0963,-21.1809,5377,"Place des 44 Enfants D'Izieu, 6454",adem.fleury@example.com,M,04fa4999-7604-44f1-8587-55c27fc06b6a,orangeladybug414,ferrari1,079 704 74 65,077 910 33 08,1965-08-18 00:34:39.982000+00:00,59,2018-04-12 06:04:04.852000+00:00,https://randomuser.me/api/portraits/men/15.jpg,2024-11-02 15:04:34.266622,CH,2018,4,12,8,16,2024-11-02 15:06:26.690238
3,SID 510064841,Stanislav,Kalinić,Majdanpek,Serbia,Kosovska Mitrovica,63.1303,-113.5902,40549,"Nikole Rašića , 9740",stanislav.kalinic@example.com,M,c4cf9745-6dcd-4397-a0cb-b549e3bf810e,smallpanda744,1995,032-7950-090,060-7784-819,1963-09-18 06:50:15.469000+00:00,61,2007-06-24 04:36:32.894000+00:00,https://randomuser.me/api/portraits/men/60.jpg,2024-11-02 15:04:35.290443,RS,2007,6,24,4,13,2024-11-02 15:06:26.690238
4,AVS 756.3032.9247.29,Johannes,Guillaume,Pont-en-Ogoz,Switzerland,Fribourg,-58.8433,-104.2209,7502,"Rue Chazière, 9117",johannes.guillaume@example.com,M,86ae7a30-d8a2-4de6-8585-77e6b4db3c65,lazygoose503,fluffy,076 872 73 32,077 774 58 97,1971-07-07 20:22:00.059000+00:00,53,2019-11-29 17:48:00.240000+00:00,https://randomuser.me/api/portraits/men/42.jpg,2024-11-02 15:04:36.237955,CH,2019,11,29,6,12,2024-11-02 15:06:26.690238
5, None,Coşkun,Poçan,Kocaeli,Turkey,Kırıkkale,66.1836,-47.8843,61898,"Abanoz Sk, 8816",coskun.pocan@example.com,M,3bfe68e9-50a8-4b0a-84bf-ec4b62119fe2,sadzebra896,credit,(410)-069-9158,(210)-777-3436,1987-04-18 10:45:58.927000+00:00,37,2008-05-14 13:06:17.731000+00:00,https://randomuser.me/api/portraits/men/72.jpg,2024-11-02 15:04:37.337992,TR,2008,5,14,6,11,2024-11-02 15:06:26.690238
6,DNI 24301031-J,Christian,Marín,Santiago de Compostela,Spain,Asturias,-33.3702,-46.119,57461,"Calle de Téllez, 363",christian.marin@example.com,M,3870bc28-a918-4eab-8d08-321a5d36d799,angryleopard302,success,938-248-456,642-690-351,1953-02-21 05:46:56.390000+00:00,71,2004-07-07 22:20:29.789000+00:00,https://randomuser.me/api/portraits/men/65.jpg,2024-11-02 15:04:38.663271,ES,2004,7,7,7,15,2024-11-02 15:06:26.690238
7,SVNR 57 220490 S 396,Wolf,Sohn,Neukloster,Germany,Brandenburg,-52.1983,-127.594,40863,"Schützenstraße, 3776",wolf.sohn@example.com,M,fd06e935-9a97-411a-aac4-6c49bc496c05,silverelephant478,peace1,0672-5370379,0171-0336205,1990-04-22 10:52:32.804000+00:00,34,2007-10-07 00:37:25.209000+00:00,https://randomuser.me/api/portraits/men/58.jpg,2024-11-02 15:04:39.388020,DE,2007,10,7,6,17,2024-11-02 15:06:26.690238
8, None,اميرعلي,یاسمی,زنجان,Iran,گلستان,14.5483,-87.8721,39858,"حقانی, 8978",myraaly.ysmy@example.com,M,3f3e37e5-2489-47c9-9c98-313ac3586de7,organicleopard272,royals,071-35489409,0996-651-9160,1949-05-20 21:50:50.095000+00:00,75,2007-03-16 09:30:01.327000+00:00,https://randomuser.me/api/portraits/men/63.jpg,2024-11-02 15:04:39.975571,IR,2007,3,16,6,17,2024-11-02 15:06:26.690238
9,UIDAI 765033923048,Naksh,Bhardwaj,Rajpur Sonarpur,India,Andhra Pradesh,9.9804,-74.0479,94916,"Rasta Peth, 2196",naksh.bhardwaj@example.com,M,9283bc0f-1d05-4eb1-b1a4-60e6597f1cb3,redfish463,angels,8549077296,9989747827,1946-02-17 10:05:07.587000+00:00,78,2020-08-27 02:00:48.747000+00:00,https://randomuser.me/api/portraits/men/39.jpg,2024-11-02 15:04:40.577057,IN,2020,8,27,6,10,2024-11-02 15:06:26.690238
10,SID 311379916,Mitar,Novaković,Merošina,Serbia,Kosovska Mitrovica,62.7824,-169.7123,22251,"Žabeljska, 4910",mitar.novakovic@example.com,M,87d7f742-b41b-4a9b-9d60-36568f421caa,happybird303,stormy,029-2117-665,066-7066-600,1967-11-02 01:35:24.087000+00:00,57,2008-09-09 14:04:59.676000+00:00,https://randomuser.me/api/portraits/men/39.jpg,2024-11-02 15:04:41.135933,RS,2008,9,9,6,12,2024-11-02 15:06:26.690238
11,TFN 944279935,Chris,Lucas,Mildura,Australia,Western Australia,-89.7281,-165.4354,9204,"E Little York Rd, 3944",chris.lucas@example.com,M,28a639ff-c67d-4451-abb7-651b995a97af,silverladybug444,qqqqqq,05-5365-4692,0450-348-215,1964-11-01 04:19:14.377000+00:00,60,2004-09-27 02:50:26.013000+00:00,https://randomuser.me/api/portraits/men/73.jpg,2024-11-02 15:04:41.612594,AU,2004,9,27,6,16,2024-11-02 15:06:26.690238
12, None,بهاره,رضاییان,ساری,Iran,سمنان,13.6367,157.6718,76574,"شهید همت, 3687",bhrh.rdyyn@example.com,F,436e5877-b8fe-4ce7-9fc7-98dec0793751,lazymeercat585,ripple,004-52430898,0949-516-7096,1994-03-10 17:07:27.609000+00:00,30,2019-12-08 06:52:53.190000+00:00,https://randomuser.me/api/portraits/women/77.jpg,2024-11-02 15:04:42.248659,IR,2019,12,8,6,14,2024-11-02 15:06:26.690238
13,SID 143208236,Tadija,Kalinić,Raška,Serbia,Kolubara,56.6438,-107.6373,87860,"Ace Trickovića, 2682",tadija.kalinic@example.com,M,c4c40b2d-852d-4cf8-ab47-2757ca39d38c,crazyladybug252,pocket,036-2582-576,060-6750-904,1969-10-21 14:45:34.230000+00:00,55,2008-08-06 02:57:35.950000+00:00,https://randomuser.me/api/portraits/men/45.jpg,2024-11-02 15:04:42.748878,RS,2008,8,6,6,15,2024-11-02 15:06:26.690238
14,INSEE 1680040379526 35,Luka,Leroy,Tourcoing,France,Corse-du-Sud,-18.4077,-141.4615,30166,"Route de Genas, 7697",luka.leroy@example.com,M,89fc5e33-af1c-4175-9914-1666da40f09a,beautifulfrog167,memory,05-62-09-06-68,06-47-21-33-55,1968-01-21 04:25:53.161000+00:00,56,2010-11-14 17:18:54.173000+00:00,https://randomuser.me/api/portraits/men/43.jpg,2024-11-02 15:04:43.216803,FR,2010,11,14,6,16,2024-11-02 15:06:26.690238
15,NINO TC 71 35 12 M,Lillian,Wood,Coventry,United Kingdom,Grampian,-7.456,24.3066,OS8 5NZ,"Chester Road, 889",lillian.wood@example.com,F,9fff1136-73c0-4588-998d-591c3924f764,smallgoose654,longbow,013873 77855,07271 288264,1949-03-25 14:58:44.644000+00:00,75,2017-07-16 06:34:57.092000+00:00,https://randomuser.me/api/portraits/women/20.jpg,2024-11-02 15:04:43.661991,GB,2017,7,16,7,13,2024-11-02 15:06:26.690238
16, None,Vitalina,Vernidub,Hmilnik,Ukraine,Ivano-Frankivska,80.2939,112.556,13065,"Bozhkiv Yar, 5728",vitalina.vernidub@example.com,F,22bb91e5-0a2f-4f6b-8a0a-1ac15e85861b,purplebird690,1957,(099) N35-3172,(066) R06-0155,1989-01-14 12:45:52.239000+00:00,35,2004-09-26 12:46:44.456000+00:00,https://randomuser.me/api/portraits/women/34.jpg,2024-11-02 15:04:44.178165,UA,2004,9,26,4,13,2024-11-02 15:06:26.690238
17,SID 500531311,Draginja,Mandić,Loznica,Serbia,Šumadija,61.3352,91.2819,34215,"Tomaška, 287",draginja.mandic@example.com,F,36850d7d-4155-477e-a5d6-be8640d0e905,happypanda913,simple1,018-0850-331,069-4985-579,1975-11-07 04:26:46.255000+00:00,48,2009-11-22 05:34:05.882000+00:00,https://randomuser.me/api/portraits/women/27.jpg,2024-11-02 15:04:44.915878,RS,2009,11,22,7,13,2024-11-02 15:06:26.690238
18,FN 20076004073,Elvira,Bø,Sistranda,Norway,Møre og Romsdal,39.9527,43.0343,3253,"Klingenberggata, 7603",elvira.bo@example.com,F,41acc7b6-3892-4b5a-b627-61426fcfa495,heavygoose205,bluebird,88962632,43516554,1960-07-20 10:45:52.671000+00:00,64,2005-09-19 21:44:40.602000+00:00,https://randomuser.me/api/portraits/women/39.jpg,2024-11-02 15:04:45.837689,NO,2005,9,19,8,13,2024-11-02 15:06:26.690238
19,TFN 222955830,Paula,Lowe,Coffs Harbour,Australia,New South Wales,-84.2526,31.0965,4550,"Daisy Dr, 961",paula.lowe@example.com,F,c8191242-71d6-4b2b-a463-f91a9c841790,bluewolf643,hetfield,08-5214-5043,0442-907-437,1949-08-14 00:19:48.908000+00:00,75,2015-05-26 14:08:57.086000+00:00,https://randomuser.me/api/portraits/women/56.jpg,2024-11-02 15:04:46.553805,AU,2015,5,26,8,11,2024-11-02 15:06:26.690238
20,PPS 7089992T,Jenny,Gregory,Wicklow,Ireland,Galway,3.9439,99.9638,26355,"Ormond Quay, 9419",jenny.gregory@example.com,F,7544f9f4-2905-471f-b75f-8513ec66c97e,yellowleopard402,finally,061-448-6488,081-927-4133,1948-11-04 00:20:05.058000+00:00,75,2006-01-27 07:51:49.611000+00:00,https://randomuser.me/api/portraits/women/90.jpg,2024-11-02 15:04:47.577994,IE,2006,1,27,7,16,2024-11-02 15:06:26.690238
21,CPR 190286-3022,Christian,Madsen,Gjern,Denmark,Sjælland,-39.515,-147.6759,18178,"Pilegårdsvej, 3858",christian.madsen@example.com,M,378693d1-065e-4fe0-9fe5-1baf9b5c94bc,tinyfrog176,zippy,57375277,33246274,1986-02-19 14:56:06.146000+00:00,38,2015-10-18 19:11:35.205000+00:00,https://randomuser.me/api/portraits/men/95.jpg,2024-11-02 15:04:48.718487,DK,2015,10,18,5,11,2024-11-02 15:06:26.690238
22,AVS 756.3853.1111.94,Eline,Schmitt,Gorgier,Switzerland,Appenzell Innerrhoden,-60.9586,64.7434,4513,"Rue Louis-Garrand, 9369",eline.schmitt@example.com,F,4ffcee51-ead0-4526-9296-852d8f6f7296,greenleopard426,martha,079 415 41 74,075 200 02 46,1953-01-16 13:07:58.498000+00:00,71,2019-09-26 04:46:02.400000+00:00,https://randomuser.me/api/portraits/women/53.jpg,2024-11-02 15:04:49.421319,CH,2019,9,26,6,15,2024-11-02 15:06:26.690238
23,BSN 53775086,Dionisius,Schijvenaars,Baarlo Ov,Netherlands,Zeeland,36.8707,-10.9531,5192 BA,"Hofteweg, 861",dionisius.schijvenaars@example.com,M,39f1b0eb-27ba-4828-b1ee-62338817c1a9,whiteswan483,alpha1,(0721) 432712,(06) 92428488,1953-01-06 20:03:09.202000+00:00,71,2006-06-03 12:37:07.515000+00:00,https://randomuser.me/api/portraits/men/22.jpg,2024-11-02 15:04:50.445178,NL,2006,6,3,6,12,2024-11-02 15:06:26.690238
24,BSN 25792271,Jettie,Van der Tang,Loppersum,Netherlands,Groningen,32.3603,72.5887,7585 GN,"Dussenstraat, 4259",jettie.vandertang@example.com,F,7c5a6775-fc1c-4a6b-83c0-f2d9617ab3df,angryzebra215,shells,(0396) 307177,(06) 84664674,1992-12-09 17:38:17.680000+00:00,31,2014-07-26 11:28:34.540000+00:00,https://randomuser.me/api/portraits/women/36.jpg,2024-11-02 15:04:51.264187,NL,2014,7,26,6,13,2024-11-02 15:06:26.690238
25, None,Alex,Cooper,Hamilton,New Zealand,Auckland,48.2053,-20.9411,10656,"Taharoto Road, 4509",alex.cooper@example.com,M,0127d400-21b3-4c2e-a57f-d32b979ec1e6,heavywolf854,frances,(545)-881-9414,(921)-625-0036,1955-11-10 23:12:05.034000+00:00,68,2005-12-19 20:36:37.060000+00:00,https://randomuser.me/api/portraits/men/70.jpg,2024-11-02 15:04:52.691118,NZ,2005,12,19,7,12,2024-11-02 15:06:26.690238
26,SIN 791579501,Dylan,Grewal,Enterprise,Canada,Yukon,-69.3075,-171.012,Q6A 1Z9,"King St, 1432",dylan.grewal@example.com,M,461284fe-908e-4c1d-82e9-155f505ff39f,tinylion168,bingo,I03 Z91-5973,C17 G42-4789,1965-02-03 21:04:16.400000+00:00,59,2008-11-10 08:31:15.601000+00:00,https://randomuser.me/api/portraits/men/95.jpg,2024-11-02 15:04:53.516254,CA,2008,11,10,5,11,2024-11-02 15:06:26.690238
27,SVNR 76 080778 P 878,Jessica,Pfeffer,Otterberg,Germany,Niedersachsen,-53.0513,177.1754,33428,"Raiffeisenstraße, 2079",jessica.pfeffer@example.com,F,8a2e3ca8-4b8e-447c-878d-73901a4ac1f4,ticklishladybug324,kotaku,0626-8192709,0170-9766031,1978-07-08 10:16:33.949000+00:00,46,2002-11-09 05:13:51.780000+00:00,https://randomuser.me/api/portraits/women/9.jpg,2024-11-02 15:04:54.141850,DE,2002,11,9,6,18,2024-11-02 15:06:26.690238
28,SID 703767185,Stefanija,Filipović,Vladičin Han,Serbia,Pčinja,63.234,93.483,51170,"Grobljanska, 5182",stefanija.filipovic@example.com,F,d2d784ea-7bee-4147-89c5-a4b39c9692b4,greenmouse370,samm,035-3517-248,060-6363-519,1983-12-07 18:17:01.935000+00:00,40,2006-07-07 19:41:28.526000+00:00,https://randomuser.me/api/portraits/women/60.jpg,2024-11-02 15:04:54.833985,RS,2006,7,7,4,13,2024-11-02 15:06:26.690238
29, None,Alice,Kumar,Napier,New Zealand,Taranaki,54.4359,76.745,63829,"The Strand, 9046",alice.kumar@example.com,F,06c9ee7b-933a-4895-bc55-13ecb562211e,goldenbird273,france,(341)-110-9423,(727)-115-3317,1994-07-10 08:35:34.715000+00:00,30,2017-06-23 23:54:08.933000+00:00,https://randomuser.me/api/portraits/women/67.jpg,2024-11-02 15:04:55.367486,NZ,2017,6,23,6,13,2024-11-02 15:06:26.690238
30, None,Diy,Vorobkevich,Bilgorod-Dnistrovskiy,Ukraine,Odeska,73.3021,-111.8314,57783,"Fedincya, 4007",diy.vorobkevich@example.com,M,5296e198-80c0-4bb5-bafe-2189a4a96537,yellowswan220,nimrod,(097) H65-3324,(067) P38-4406,1949-12-03 12:13:12.175000+00:00,74,2012-12-15 12:09:29.096000+00:00,https://randomuser.me/api/portraits/men/57.jpg,2024-11-02 15:04:56.007450,UA,2012,12,15,6,13,2024-11-02 15:06:26.690238
31,BSN 57134544,Bart,Niewold,Zandvoort,Netherlands,Friesland,35.8424,-92.3207,7983 FI,"Gedempte Vaart, 9038",bart.niewold@example.com,M,18fe9f34-47c5-4dd6-adf3-084a1ebb2ba8,whiteduck156,smurf,(008) 7717658,(06) 32714581,1975-11-20 11:53:26.223000+00:00,48,2007-07-19 07:34:40.679000+00:00,https://randomuser.me/api/portraits/men/66.jpg,2024-11-02 15:04:56.650280,NL,2007,7,19,5,12,2024-11-02 15:06:26.690238
32,UIDAI 759322101492,Sneha,Hiremath,Salem,India,Punjab,11.9805,30.1585,45043,"Ratha Bheedi, 2891",sneha.hiremath@example.com,F,d5ef4cdc-68e0-4f23-bf20-ada4385ac3e9,angrymouse882,benji,8367286940,8154437929,1981-05-30 21:00:16.745000+00:00,43,2008-05-03 18:54:20.851000+00:00,https://randomuser.me/api/portraits/women/19.jpg,2024-11-02 15:04:57.092039,IN,2008,5,3,5,13,2024-11-02 15:06:26.690238
33,BSN 22495796,Nuno,Huijsmans,Snikzwaag,Netherlands,Flevoland,34.4095,-70.9149,4950 UK,"Ammerzodenseweg, 6784",nuno.huijsmans@example.com,M,a58a0c1f-5460-4cd5-9fed-cf1fe51a2090,tinysnake782,vvvvv,(0200) 055210,(06) 65010720,1999-03-14 03:13:48.610000+00:00,25,2004-04-24 04:16:24.850000+00:00,https://randomuser.me/api/portraits/men/96.jpg,2024-11-02 15:04:57.796765,NL,2004,4,24,5,12,2024-11-02 15:06:26.690238
34,NSS 30 50 15 3403 5,Georgina,Leyva,Guatimape,Mexico,Yucatan,27.7076,4.4713,51576,"Pasaje Tamaulipas, 1826",georgina.leyva@example.com,F,679c2b5f-7957-4b4d-ad15-75ea1e563b8f,greenkoala403,bama,(693) 427 5967,(661) 078 2302,1996-06-12 04:30:37.289000+00:00,28,2015-07-21 08:49:55.420000+00:00,https://randomuser.me/api/portraits/women/11.jpg,2024-11-02 15:04:58.357463,MX,2015,7,21,4,13,2024-11-02 15:06:26.690238
35, None,Tamara,Slivinskiy,Boguslav,Ukraine,Kiyivska,79.0288,91.8912,63550,"Ivanivska, 3498",tamara.slivinskiy@example.com,F,ec275516-9ff2-45e6-bca2-d2ff7b3181a1,blacksnake252,paul,(098) F05-0609,(067) V95-0228,1999-05-24 14:08:53.085000+00:00,25,2021-10-26 14:35:47.794000+00:00,https://randomuser.me/api/portraits/women/45.jpg,2024-11-02 15:04:58.821265,UA,2021,10,26,4,13,2024-11-02 15:06:26.690238
36,CPR 250670-4298,Lea,Rasmussen,Aaborg Øst,Denmark,Hovedstaden,-39.2385,164.52,94354,"Skovvejen, 3424",lea.rasmussen@example.com,F,8d395b04-e156-44f8-b979-4d7a7b946e84,purplefish862,homer1,76238531,88815700,1970-06-25 15:28:39.125000+00:00,54,2015-01-24 20:42:21.067000+00:00,https://randomuser.me/api/portraits/women/47.jpg,2024-11-02 15:04:59.960133,DK,2015,1,24,6,13,2024-11-02 15:06:26.690238
37,SSN 181-85-0887,Cory,Riley,Moscow,United States,Illinois,86.806,-179.4845,17854,"Edwards Rd, 1003",cory.riley@example.com,M,3c213941-cb73-4325-8588-6583b47d504a,orangelion464,family,(734) 830-2662,(768) 957-8384,1962-12-10 17:09:58.879000+00:00,61,2012-06-17 04:05:28.770000+00:00,https://randomuser.me/api/portraits/men/22.jpg,2024-11-02 15:05:00.427195,US,2012,6,17,6,13,2024-11-02 15:06:26.690238
38,CPR 160268-1233,Andrea,Jørgensen,St.Merløse,Denmark,Syddanmark,-45.9495,45.4862,88106,"Lærkevænget, 6935",andrea.jorgensen@example.com,F,15d7b8cf-dde2-4285-b2c4-c9643a99c2a4,crazyrabbit622,rusty2,65571625,17112769,1968-02-16 21:21:57.258000+00:00,56,2007-07-30 04:03:38.115000+00:00,https://randomuser.me/api/portraits/women/21.jpg,2024-11-02 15:05:01.126266,DK,2007,7,30,6,14,2024-11-02 15:06:26.690238
39,INSEE 2630708497811 97,Noélie,Guillot,Dijon,France,Seine-Maritime,-17.8615,9.1557,25342,"Grande Rue, 5894",noelie.guillot@example.com,F,d64a925d-2ee9-4618-8f8e-48557438cd2c,tinyelephant569,lionel,02-25-78-18-93,06-99-53-84-34,1963-08-25 17:25:07.685000+00:00,61,2009-06-15 16:36:42.476000+00:00,https://randomuser.me/api/portraits/women/48.jpg,2024-11-02 15:05:02.096871,FR,2009,6,15,6,15,2024-11-02 15:06:26.690238
40,AVS 756.4572.5786.66,Pablo,Jean,Unterramsern,Switzerland,Ticino,-58.2326,-168.9118,2640,"Rue Pasteur, 9976",pablo.jean@example.com,M,c79ffec4-7101-40b1-a6f1-1b742d6952bf,yellowbutterfly172,gordon,079 453 16 94,079 197 88 37,1984-12-06 23:20:05.616000+00:00,39,2011-05-19 16:52:20.446000+00:00,https://randomuser.me/api/portraits/men/26.jpg,2024-11-02 15:05:02.732924,CH,2011,5,19,6,18,2024-11-02 15:06:26.690238
41,INSEE 2610663691847 16,Morgane,Meyer,Reims,France,Haute-Saône,-14.3774,124.7128,47759,"Rue Cyrus-Hugues, 9444",morgane.meyer@example.com,F,cb7ef7b6-6a68-4d43-9610-1b402488bd2c,angrybutterfly721,alfa,02-55-78-18-55,06-83-84-67-32,1961-07-16 19:55:24.641000+00:00,63,2002-07-19 03:17:47.785000+00:00,https://randomuser.me/api/portraits/women/16.jpg,2024-11-02 15:05:03.435945,FR,2002,7,19,4,17,2024-11-02 15:06:26.690238
42,SIN 445562424,Sophie,Morin,Wellington,Canada,New Brunswick,-67.4776,61.8971,W2T 0A5,"Simcoe St, 3560",sophie.morin@example.com,F,faa65df4-ea14-47ed-8257-9f5fa45df95a,lazymeercat949,fdsa,H38 Z53-6739,I70 D74-5149,1962-11-12 06:56:58.786000+00:00,61,2022-05-04 20:58:02.882000+00:00,https://randomuser.me/api/portraits/women/66.jpg,2024-11-02 15:05:04.085018,CA,2022,5,4,4,14,2024-11-02 15:06:26.690238
43,TFN 597478761,Mia,Ryan,Adelaide,Australia,Queensland,-85.8492,89.2826,491,"Nowlin Rd, 802",mia.ryan@example.com,F,bcb71806-26d4-4be5-8c68-778c73ec98fe,lazyladybug518,galary,02-9755-9965,0440-841-617,1974-02-07 05:44:59.771000+00:00,50,2018-03-03 19:16:03.502000+00:00,https://randomuser.me/api/portraits/women/47.jpg,2024-11-02 15:05:04.786337,AU,2018,3,3,6,14,2024-11-02 15:06:26.690238
44,CPR 070175-3487,Simon,Kristensen,Gl. Rye,Denmark,Danmark,-41.7517,-48.6466,17588,"Græsvangen, 9029",simon.kristensen@example.com,M,d53e4311-6668-478c-865b-889fd1d4d24d,goldenpanda571,gators,80838128,87161988,1975-01-07 23:47:39.864000+00:00,49,2013-11-11 16:33:52.050000+00:00,https://randomuser.me/api/portraits/men/99.jpg,2024-11-02 15:05:05.659652,DK,2013,11,11,6,14,2024-11-02 15:06:26.690238
45, None,Emma,Wang,Whangarei,New Zealand,Northland,52.3122,47.2895,41383,"Grey Street, 423",emma.wang@example.com,F,4d3705f8-55d0-4311-b6a4-76884810f902,crazykoala479,nico,(510)-950-1193,(694)-480-6722,1974-08-11 14:59:58.800000+00:00,50,2012-06-11 03:29:04.980000+00:00,https://randomuser.me/api/portraits/women/25.jpg,2024-11-02 15:05:06.246688,NZ,2012,6,11,4,13,2024-11-02 15:06:26.690238
46, None,Vitomir,Saveliev,Novomirgorod,Ukraine,Harkivska,77.7614,-35.2496,62540,"Samiylenka, 763",vitomir.saveliev@example.com,M,2b71c9d9-1281-437a-a0d3-fecec0430eae,ticklishduck988,515151,(098) A32-0969,(068) L15-0058,1995-07-16 18:34:34.198000+00:00,29,2018-04-13 16:58:56.325000+00:00,https://randomuser.me/api/portraits/men/92.jpg,2024-11-02 15:05:06.888798,UA,2018,4,13,6,15,2024-11-02 15:06:26.690238
47,SIN 582906368,Sofia,Sirko,Cadillac,Canada,Prince Edward Island,-69.3993,139.1012,S5T 6N4,"Argyle St, 6786",sofia.sirko@example.com,F,edd1a21b-2f39-444f-9e9b-41e10f1b9869,sadfrog157,ming,Y07 P54-6868,J24 O64-6020,1997-10-11 21:06:21.932000+00:00,27,2003-12-03 18:05:20.894000+00:00,https://randomuser.me/api/portraits/women/0.jpg,2024-11-02 15:05:07.331355,CA,2003,12,3,4,10,2024-11-02 15:06:26.690238
48, None,پارمیس,نكو نظر,آبادان,Iran,فارس,18.0793,0.0704,40769,"موسیوند, 2705",prmys.nkwnzr@example.com,F,db3b4a07-5bb2-4dc6-9da8-e610546ef8e8,orangeswan461,peng,024-99585572,0988-264-9389,1949-06-13 01:01:07.437000+00:00,75,2002-08-29 08:26:50.591000+00:00,https://randomuser.me/api/portraits/women/34.jpg,2024-11-02 15:05:07.766033,IR,2002,8,29,4,13,2024-11-02 15:06:26.690238
49,TFN 392592823,Kyle,Jensen,Traralgon,Australia,Northern Territory,-88.2284,-63.7935,3732,"W Sherman Dr, 7286",kyle.jensen@example.com,M,973bed47-21b3-4d9f-9161-b399493fcc8b,greenbird774,avalon,02-5197-7576,0411-787-985,1958-09-02 19:50:29.837000+00:00,66,2014-02-12 11:30:11.291000+00:00,https://randomuser.me/api/portraits/men/60.jpg,2024-11-02 15:05:08.240540,AU,2014,2,12,6,12,2024-11-02 15:06:26.690238
50,SIN 516502358,Elizabeth,Harcourt,Maitland,Canada,Saskatchewan,-71.9505,113.2364,G8G 5F7,"Victoria Ave, 5815",elizabeth.harcourt@example.com,F,56c89e9e-c163-4233-b972-1f3eacc34bf0,blackcat993,jello,U81 H69-0789,I31 U28-3253,1958-01-12 12:37:43.117000+00:00,66,2020-01-24 08:48:38.418000+00:00,https://randomuser.me/api/portraits/women/64.jpg,2024-11-02 15:05:08.807007,CA,2020,1,24,5,11,2024-11-02 15:06:26.690238
51,HETU NaNNA006undefined,Hilla,Salminen,Merijärvi,Finland,Northern Ostrobothnia,-21.638,48.9623,37634,"Aleksanterinkatu, 9693",hilla.salminen@example.com,F,4d58f085-4bf3-4282-8792-e4e74d551dec,bigtiger362,matthews,08-330-897,048-063-19-24,1994-09-08 14:09:37.946000+00:00,30,2011-04-29 12:05:15.210000+00:00,https://randomuser.me/api/portraits/women/27.jpg,2024-11-02 15:05:09.213083,FI,2011,4,29,8,11,2024-11-02 15:06:26.690238
52,SSN 713-34-4321,Ida,Johnson,Elgin,United States,Vermont,89.9052,168.1378,27237,"Pecan Acres Ln, 6327",ida.johnson@example.com,F,67a4a94e-3eda-4d01-8520-a5dc1d8971d2,angryostrich404,bucket,(855) 518-1365,(958) 906-7664,1992-12-17 00:23:46.471000+00:00,31,2017-05-24 18:54:13.492000+00:00,https://randomuser.me/api/portraits/women/9.jpg,2024-11-02 15:05:09.788521,US,2017,5,24,6,15,2024-11-02 15:06:26.690238
53, None,شایان,صدر,بابل,Iran,اردبیل,18.8913,-91.2051,37034,"امیرکبیر, 8228",shyn.sdr@example.com,M,866d2314-5877-4f9e-b81e-5493a7d65dbe,bigwolf428,locks,064-84387964,0986-223-6672,1961-03-09 09:14:14.467000+00:00,63,2013-09-06 03:09:34.721000+00:00,https://randomuser.me/api/portraits/men/20.jpg,2024-11-02 15:05:10.407858,IR,2013,9,6,5,10,2024-11-02 15:06:26.690238
54,AVS 756.0204.5061.19,Jutta,Meunier,Amlikon-Bissegg,Switzerland,Fribourg,-58.2898,0.3519,6307,"Quai Charles-De-Gaulle, 4123",jutta.meunier@example.com,F,7ab96504-66ec-40c0-bd9c-c2d68a93725f,smallsnake241,microsoft,076 413 93 06,079 529 77 07,1993-12-14 01:43:21.535000+00:00,30,2009-12-26 01:08:51.812000+00:00,https://randomuser.me/api/portraits/women/49.jpg,2024-11-02 15:05:11.128841,CH,2009,12,26,9,13,2024-11-02 15:06:26.690238
55,SID 071652260,Lidija,Bajević,Novi Bečej,Serbia,Zaječar,59.8767,21.432,80127,"Miodraga Popovića, 1128",lidija.bajevic@example.com,F,604d188f-c36d-487f-afd0-df535a0a52c1,angrysnake972,solitude,020-6317-129,062-1617-690,1963-10-27 09:27:19.785000+00:00,61,2006-12-07 04:05:13.229000+00:00,https://randomuser.me/api/portraits/women/34.jpg,2024-11-02 15:05:11.948085,RS,2006,12,7,8,13,2024-11-02 15:06:26.690238
56,SID 414061401,Andrea,Jeremić,Kragujevac,Serbia,Pirot,55.8711,24.9616,43341,"Ante Lambaše, 6905",andrea.jeremic@example.com,F,0429b058-5d9a-4c46-a32c-3dff9493387d,smallduck872,billabon,015-2254-867,067-7050-321,2000-06-13 01:25:07.412000+00:00,24,2021-05-11 06:03:13.299000+00:00,https://randomuser.me/api/portraits/women/59.jpg,2024-11-02 15:05:12.721281,RS,2021,5,11,8,12,2024-11-02 15:06:26.690238
57, None,Latife,Tazegül,Edirne,Turkey,Çanakkale,71.499,146.023,73666,"Doktorlar Cd, 9599",latife.tazegul@example.com,F,9cfdf243-b065-4d4d-a476-da18440d0210,happyswan671,hover,(208)-010-0747,(800)-674-1469,1949-04-29 11:42:19.229000+00:00,75,2012-10-06 05:35:19.511000+00:00,https://randomuser.me/api/portraits/women/26.jpg,2024-11-02 15:05:13.381614,TR,2012,10,6,5,12,2024-11-02 15:06:26.690238
58, None,فاطمه,مرادی,سنندج,Iran,گلستان,15.0775,153.5334,39086,"آیت‌الله مدنی, 984",ftmh.mrdy@example.com,F,9ad4118e-51af-4b1b-baed-dac9261068f8,ticklishsnake692,valdepen,041-04595710,0914-482-5854,1988-11-02 07:49:17.416000+00:00,36,2014-09-22 04:46:54.538000+00:00,https://randomuser.me/api/portraits/women/12.jpg,2024-11-02 15:05:14.200555,IR,2014,9,22,8,16,2024-11-02 15:06:26.690238
59,FN 05088310723,Joachim,Løvik,Opakermoen,Norway,Vestfold,46.5773,-79.373,0170,"Schwachs gate, 5569",joachim.lovik@example.com,M,6858b9f1-9bfb-458e-a9b8-4a226820397a,redleopard365,marlon,55102646,98538618,1983-08-05 14:06:08.696000+00:00,41,2005-02-22 04:17:35.857000+00:00,https://randomuser.me/api/portraits/men/18.jpg,2024-11-02 15:05:15.225516,NO,2005,2,22,6,13,2024-11-02 15:06:26.690238
60, None,Volodislav,Danileyko,Horostkiv,Ukraine,Chernivecka,75.3496,-76.2047,37537,"Krichevskogo, 9489",volodislav.danileyko@example.com,M,343f7ef4-9e1d-47f0-b6f5-e367dc47fd95,whitegoose914,gareth,(098) V24-9853,(068) T10-7848,1957-01-27 20:35:27.067000+00:00,67,2009-12-18 13:52:57.373000+00:00,https://randomuser.me/api/portraits/men/48.jpg,2024-11-02 15:05:16.248464,UA,2009,12,18,6,13,2024-11-02 15:06:26.690238
61,PPS 9079911T,Leslie,Morrison,Waterford,Ireland,Galway City,2.4779,-16.1969,54858,"Park Avenue, 8332",leslie.morrison@example.com,M,aa8d9f57-7e7e-45c6-b0a0-15552709ee76,redbird208,1103,021-405-8844,081-736-9502,1963-10-09 04:49:22.983000+00:00,61,2009-07-31 17:22:07.559000+00:00,https://randomuser.me/api/portraits/men/33.jpg,2024-11-02 15:05:17.067792,IE,2009,7,31,4,10,2024-11-02 15:06:26.690238
62,FN 29057813502,Fredrik,Kara,Braskereidfoss,Norway,Oppland,44.5277,-55.0419,2066,"Jonas Dahls vei, 8415",fredrik.kara@example.com,M,46bd619c-d886-40d6-af79-99774e730d35,heavymouse612,youknow,38420823,45446381,1978-05-29 12:56:12.077000+00:00,46,2011-03-10 05:06:34.089000+00:00,https://randomuser.me/api/portraits/men/43.jpg,2024-11-02 15:05:17.887695,NO,2011,3,10,7,13,2024-11-02 15:06:26.690238
63,AVS 756.5376.3224.15,Dorian,Perrin,Chancy,Switzerland,Appenzell Ausserrhoden,-59.4941,-67.2041,6524,"Rue Paul Bert, 6600",dorian.perrin@example.com,M,3ccaf21b-b9cf-42ef-a7e8-cc7f90c70319,whiteleopard795,hottie,075 740 11 58,076 911 70 22,1989-09-24 21:38:17.358000+00:00,35,2011-09-04 04:32:27.433000+00:00,https://randomuser.me/api/portraits/men/99.jpg,2024-11-02 15:05:18.706800,CH,2011,9,4,6,15,2024-11-02 15:06:26.690238
64,SIN 655636926,Theo,Gagnon,Delisle,Canada,Manitoba,-70.9816,-128.1076,B2Y 9C7,"Charles St, 6585",theo.gagnon@example.com,M,d4da442b-c2dd-402a-981b-3059d49a55fa,bigpeacock293,leslie,V26 R33-9600,N19 L61-0558,1946-03-11 02:22:11.785000+00:00,78,2009-07-10 00:50:10.170000+00:00,https://randomuser.me/api/portraits/men/59.jpg,2024-11-02 15:05:19.264322,CA,2009,7,10,6,13,2024-11-02 15:06:26.690238
65,FN 25114748261,Zoe,Haji,Ølensvåg,Norway,Vest-Agder,42.13,9.88,6101,"Meklenborgåsen, 3048",zoe.haji@example.com,F,f4fb48fe-61c3-4873-ab1b-9d0d431269bf,sadmeercat885,armada,31135792,91922673,1947-11-25 19:44:40.613000+00:00,76,2019-03-30 07:27:06.841000+00:00,https://randomuser.me/api/portraits/women/29.jpg,2024-11-02 15:05:19.934987,NO,2019,3,30,6,13,2024-11-02 15:06:26.690238
66,BSN 93985773,Noë,Voskuilen,Oostwold gem Leek,Netherlands,Noord-Holland,33.2448,-33.1309,5059 UH,"Elemastraat, 6677",noe.voskuilen@example.com,M,ae3a8a93-955e-4b02-ae6f-b32353e2251e,happyzebra746,vacation,(0395) 001369,(06) 15890319,1956-08-22 12:55:47.298000+00:00,68,2005-11-07 13:51:58.277000+00:00,https://randomuser.me/api/portraits/men/21.jpg,2024-11-02 15:05:20.736997,NL,2005,11,7,8,13,2024-11-02 15:06:26.690238
67, None,آرتين,سلطانی نژاد,بروجرد,Iran,اردبیل,20.6238,-138.4012,59699,"میدان سلماس, 5245",artyn.sltnynjd@example.com,M,0558b318-ea9d-4704-8518-ac079356544e,beautifullion692,frankie,062-34322962,0977-938-0011,1988-07-03 12:12:05.557000+00:00,36,2002-08-29 14:09:44.141000+00:00,https://randomuser.me/api/portraits/men/45.jpg,2024-11-02 15:05:21.288352,IR,2002,8,29,7,16,2024-11-02 15:06:26.690238
68,FN 29019704066,Eiril,Hille,Øverbø,Norway,Telemark,42.7994,96.9428,1373,"Olaf Helsets vei, 1388",eiril.hille@example.com,F,35e22afc-e849-4368-8e18-40ebf8086004,orangefish124,around,60540038,40803006,1997-01-29 15:58:02.964000+00:00,27,2016-04-13 08:06:01.833000+00:00,https://randomuser.me/api/portraits/women/92.jpg,2024-11-02 15:05:21.927414,NO,2016,4,13,6,13,2024-11-02 15:06:26.690238
69, None,آرمین,كامياران,خمینی‌شهر,Iran,زنجان,20.6683,-50.7562,86047,"آیت الله سعیدی, 7946",armyn.kmyrn@example.com,M,18ec056d-e91c-4c66-aa83-df4901654b6f,orangeduck841,norway,000-33274999,0991-116-1392,1999-01-31 10:02:00.382000+00:00,25,2008-03-25 21:42:34.931000+00:00,https://randomuser.me/api/portraits/men/56.jpg,2024-11-02 15:05:22.645370,IR,2008,3,25,6,13,2024-11-02 15:06:26.690238
70,BSN 73941873,Mattis,Wolbert,De Mortel,Netherlands,Friesland,32.6956,-146.2926,5495 SX,"Klaproosstraat, 3548",mattis.wolbert@example.com,M,9f85e23c-6048-49e2-a09f-996b5494f922,organiczebra659,51505150,(0371) 394188,(06) 72777551,1979-12-23 06:15:02.146000+00:00,44,2010-05-07 05:53:41.916000+00:00,https://randomuser.me/api/portraits/men/69.jpg,2024-11-02 15:05:23.245753,NL,2010,5,7,8,15,2024-11-02 15:06:26.690238
71,NSS 81 15 25 7929 8,Mercedes,Narváez,Playa Azul,Mexico,Veracruz,25.6285,173.7408,69492,"Periférico Hidalgo, 8960",mercedes.narvaez@example.com,F,b903ec9e-aca3-44c4-8d87-f1bf6fcefab6,lazyzebra184,lkjhgf,(697) 996 7307,(693) 423 8889,1987-01-31 23:51:41.158000+00:00,37,2021-10-11 05:54:51.486000+00:00,https://randomuser.me/api/portraits/women/42.jpg,2024-11-02 15:05:23.876951,MX,2021,10,11,6,12,2024-11-02 15:06:26.690238
72,PPS 7027262T,Andy,Mason,Loughrea,Ireland,Waterford,1.6676,-85.8706,70415,"Cork Street, 2918",andy.mason@example.com,M,09f419ea-3656-4c76-ab87-a3e482da3e2f,orangeladybug670,prime,041-186-2919,081-681-1405,1958-03-25 02:04:09.458000+00:00,66,2020-04-20 14:35:31.676000+00:00,https://randomuser.me/api/portraits/men/30.jpg,2024-11-02 15:05:24.636838,IE,2020,4,20,5,16,2024-11-02 15:06:26.690238
73,AVS 756.2469.3674.54,Stephen,Martin,Uetendorf,Switzerland,Luzern,-61.3754,-27.6928,5096,"Rue Docteur-Bonhomme, 4964",stephen.martin@example.com,M,eaa7be7d-f920-453a-97e1-66b37f372bc7,tinybutterfly481,houston1,079 241 67 48,075 054 55 73,1968-11-22 13:05:54.056000+00:00,55,2016-06-26 15:49:38.508000+00:00,https://randomuser.me/api/portraits/men/22.jpg,2024-11-02 15:05:25.096372,CH,2016,6,26,8,16,2024-11-02 15:06:26.690238
74,HETU NaNNA899undefined,Valtteri,Wirtanen,Vaala,Finland,Southern Savonia,-25.0411,-45.5098,37173,"Tahmelantie, 7387",valtteri.wirtanen@example.com,M,ef4beec4-f86b-4752-a979-0497ef79ba54,heavymeercat102,marker,09-945-663,042-717-63-80,1960-09-09 10:50:22.808000+00:00,64,2014-01-07 10:42:49.536000+00:00,https://randomuser.me/api/portraits/men/47.jpg,2024-11-02 15:05:25.615549,FI,2014,1,7,6,15,2024-11-02 15:06:26.690238
75,INSEE 1520448840576 76,Malone,Lecomte,Perpignan,France,Hautes-Pyrénées,-14.0504,-89.5943,69315,"Place du 8 Novembre 1942, 3761",malone.lecomte@example.com,M,98864b7a-93c1-4567-b52d-12b709851978,blacksnake204,freepass,01-65-31-54-52,06-94-16-01-52,1952-05-16 06:44:26.117000+00:00,72,2016-04-27 05:01:38.269000+00:00,https://randomuser.me/api/portraits/men/46.jpg,2024-11-02 15:05:26.061055,FR,2016,4,27,8,13,2024-11-02 15:06:26.690238
76,SSN 384-71-6870,Pedro,Palmer,Toledo,United States,Massachusetts,81.4772,-132.742,47993,"Valwood Pkwy, 5131",pedro.palmer@example.com,M,caf8de66-3da3-4d32-a9d1-18555c6aa866,smallbutterfly207,metallica,(474) 765-4492,(987) 373-6081,1974-09-24 03:21:16.667000+00:00,50,2009-08-15 03:40:47.416000+00:00,https://randomuser.me/api/portraits/men/35.jpg,2024-11-02 15:05:26.725990,US,2009,8,15,9,17,2024-11-02 15:06:26.690238
77,SVNR 04 050766 K 147,Dennis,Knüppel,Olsberg,Germany,Sachsen-Anhalt,-53.6719,-174.2176,40300,"Erlenweg, 5819",dennis.knuppel@example.com,M,27b94ad5-a14b-4ac9-8b24-5665b3158510,blackfish417,rated,0710-3530035,0178-9107781,1966-07-05 15:38:22.058000+00:00,58,2010-10-25 13:58:44.069000+00:00,https://randomuser.me/api/portraits/men/33.jpg,2024-11-02 15:05:27.162793,DE,2010,10,25,5,12,2024-11-02 15:06:26.690238
78, None,النا,کریمی,آبادان,Iran,سمنان,17.9324,131.6344,75036,"یادگار امام, 2866",ln.khrymy@example.com,F,2d574f07-bead-423c-a05d-293a3245f0f0,ticklishdog643,empire,012-39090051,0915-806-5750,1957-12-07 21:59:32.202000+00:00,66,2015-09-25 03:51:32.969000+00:00,https://randomuser.me/api/portraits/women/22.jpg,2024-11-02 15:05:27.707013,IR,2015,9,25,6,14,2024-11-02 15:06:26.690238
79,UIDAI 290306106912,Renuka,Moolya,Salem,India,Uttar Pradesh,11.2768,158.5841,24049,"MG Rd Bangalore, 2011",renuka.moolya@example.com,F,a8e938df-294c-4bfe-8c99-676297a3140b,purplegorilla530,motor,8611307789,8496555735,1968-01-30 15:40:23.387000+00:00,56,2004-11-30 01:17:34.561000+00:00,https://randomuser.me/api/portraits/women/56.jpg,2024-11-02 15:05:28.141875,IN,2004,11,30,5,16,2024-11-02 15:06:26.690238
80,SVNR 89 100858 S 487,Vito,Scheibe,Illertissen,Germany,Berlin,-49.1209,-14.2692,71219,"Berliner Straße, 6010",vito.scheibe@example.com,M,fc99162a-cab4-416f-9b11-d33559e5dd5e,beautifulcat854,respect,0359-3883813,0175-4285535,1958-08-10 06:48:29.062000+00:00,66,2006-09-18 20:20:11.549000+00:00,https://randomuser.me/api/portraits/men/34.jpg,2024-11-02 15:05:28.652981,DE,2006,9,18,7,15,2024-11-02 15:06:26.690238
81,SIN 014879340,Nathan,Tremblay,Notre Dame de Lourdes,Canada,Saskatchewan,-66.428,-103.7033,A1F 2J6,"Dalhousie Ave, 2436",nathan.tremblay@example.com,M,ae0359dd-31a6-4cec-a2ee-2aa29bb38906,tinywolf252,busty,P77 F56-0456,P89 B94-1177,1980-08-17 06:38:49.728000+00:00,44,2015-11-09 00:20:21.436000+00:00,https://randomuser.me/api/portraits/men/18.jpg,2024-11-02 15:05:29.135051,CA,2015,11,9,5,11,2024-11-02 15:06:26.690238
82,HETU NaNNA721undefined,Rasmus,Korpi,Lieksa,Finland,Uusimaa,-21.741,-168.6911,38530,"Rautatienkatu, 1097",rasmus.korpi@example.com,M,c521a7e5-b96b-4bb6-9c18-fee448f8e77b,beautifulleopard975,sidekick,04-595-844,047-872-63-29,1994-10-31 00:35:42.950000+00:00,30,2019-11-26 08:26:25.543000+00:00,https://randomuser.me/api/portraits/men/30.jpg,2024-11-02 15:05:29.606000,FI,2019,11,26,8,19,2024-11-02 15:06:26.690238
83, None,Afşar,Günday,Ankara,Turkey,Rize,70.5619,178.7132,32333,"Bağdat Cd, 5277",afsar.gunday@example.com,F,16f58d1a-3cd0-4aef-a08c-5ee258140e30,smallgoose926,luke,(502)-082-0288,(333)-630-0465,1996-06-02 09:50:06.042000+00:00,28,2005-11-26 01:28:58.715000+00:00,https://randomuser.me/api/portraits/women/31.jpg,2024-11-02 15:05:30.042527,TR,2005,11,26,4,13,2024-11-02 15:06:26.690238
84,NINO TC 74 63 45 V,Flenn,Castro,Coventry,United Kingdom,South Yorkshire,-4.9115,-126.1676,J9 1YF,"Grove Road, 2623",flenn.castro@example.com,M,52d433c4-9195-4b57-b2a2-8c604662a631,redcat563,bosco1,016974 49252,07158 004111,1989-08-31 03:28:05.156000+00:00,35,2009-12-09 18:23:26.330000+00:00,https://randomuser.me/api/portraits/men/2.jpg,2024-11-02 15:05:30.644830,GB,2009,12,9,6,9,2024-11-02 15:06:26.690238
85,INSEE 1680026931467 14,Matthieu,Leroux,Grenoble,France,Bouches-du-Rhône,-15.505,-49.273,51239,"Rue du 8 Mai 1945, 1539",matthieu.leroux@example.com,M,a922c517-192d-46f1-9e95-56b9d2114eec,organicfrog413,toffee,05-10-12-98-72,06-77-52-99-72,1968-01-05 07:41:22.358000+00:00,56,2016-06-24 05:18:02.547000+00:00,https://randomuser.me/api/portraits/men/56.jpg,2024-11-02 15:05:31.205183,FR,2016,6,24,6,14,2024-11-02 15:06:26.690238
86,CPR 121148-6883,Naja,Mortensen,Skaerbaek,Denmark,Midtjylland,-43.6225,153.176,88852,"Islandsvej, 9888",naja.mortensen@example.com,F,b899f6c6-e7f3-4183-8305-e91b25dd9508,goldentiger661,1216,38853058,46540424,1948-11-13 02:40:51.467000+00:00,75,2016-03-01 02:38:20.108000+00:00,https://randomuser.me/api/portraits/women/14.jpg,2024-11-02 15:05:31.846919,DK,2016,3,1,4,14,2024-11-02 15:06:26.690238
87,PPS 8558606T,Patrick,Phillips,Kinsealy-Drinan,Ireland,Cork,-1.791,-161.0001,99755,"Green Lane, 4801",patrick.phillips@example.com,M,cb47382f-1c3a-4c8a-8867-9478956efb62,happyladybug646,kent,051-349-9741,081-967-3691,1960-11-08 06:45:41.183000+00:00,63,2011-11-12 16:29:04.875000+00:00,https://randomuser.me/api/portraits/men/50.jpg,2024-11-02 15:05:32.269159,IE,2011,11,12,4,15,2024-11-02 15:06:26.690238
88,NINO MA 03 15 33 N,Tracy,Rose,Leeds,United Kingdom,Buckinghamshire,-6.0035,70.1115,FL08 7AA,"The Crescent, 3323",tracy.rose@example.com,F,fc475d61-6e51-4db9-8aa4-8bf135af5121,brownleopard728,peterpan,016977 91472,07054 103258,1998-02-03 03:31:20.327000+00:00,26,2003-12-12 02:27:26.950000+00:00,https://randomuser.me/api/portraits/women/20.jpg,2024-11-02 15:05:32.836389,GB,2003,12,12,8,15,2024-11-02 15:06:26.690238
89,NSS 79 54 73 0531 4,José Emilio,Robledo,Chihuahuita,Mexico,Tlaxcala,22.0657,-155.0825,47730,"Cerrada Lugo, 9199",joseemilio.robledo@example.com,M,8c6e42e6-a13a-403e-8fd9-d52d4532bb2b,smallmeercat859,zhao,(623) 217 7164,(679) 944 4875,1964-04-01 07:36:56.474000+00:00,60,2004-09-28 20:52:21.332000+00:00,https://randomuser.me/api/portraits/men/83.jpg,2024-11-02 15:05:33.860737,MX,2004,9,28,4,15,2024-11-02 15:06:26.690238
90,NSS 65 12 83 9749 3,Liliana,Haro,San Pedro Lagunillas,Mexico,Baja California Sur,21.8582,63.2607,75348,"Andador Norte Porras, 7835",liliana.haro@example.com,F,968ec1c1-b88e-4d8a-a71a-e7b76f1f1a70,purpletiger503,babyface,(691) 916 4075,(620) 824 4328,1984-07-10 20:37:51.057000+00:00,40,2011-07-21 21:34:18.055000+00:00,https://randomuser.me/api/portraits/women/37.jpg,2024-11-02 15:05:34.781381,MX,2011,7,21,8,14,2024-11-02 15:06:26.690238
91,SID 514121031,Dragica,Maksimović,Ub,Serbia,Jablanica,60.4354,105.7697,67699,"Pudarački Put, 5138",dragica.maksimovic@example.com,F,36788bd2-ac15-4bb5-af7a-c925af036d67,redrabbit617,jaguar1,030-2483-467,062-1136-117,1952-09-29 12:53:20.190000+00:00,72,2009-01-13 22:49:06.120000+00:00,https://randomuser.me/api/portraits/women/62.jpg,2024-11-02 15:05:35.703678,RS,2009,1,13,7,12,2024-11-02 15:06:26.690238
92,PPS 9971626T,Gerry,Richards,Bray,Ireland,Waterford,-0.9339,-96.4433,15570,"Rookery Road, 5761",gerry.richards@example.com,M,6c29b2e0-3c6a-4ac7-b1ca-f9b5fa2658fa,smallostrich958,attitude,071-613-3596,081-308-3055,1976-10-23 18:04:55.640000+00:00,48,2016-06-04 11:46:26.722000+00:00,https://randomuser.me/api/portraits/men/31.jpg,2024-11-02 15:05:36.720441,IE,2016,6,4,8,15,2024-11-02 15:06:26.690238
93, None,Özkan,Sözeri,Ardahan,Turkey,Burdur,66.8202,-28.8305,15340,"Anafartalar Cd, 775",ozkan.sozeri@example.com,M,ebd11e20-fb51-44bf-bd2c-07152797d891,blackpeacock126,sunflowe,(146)-485-6140,(069)-605-7229,1972-08-21 10:25:37.062000+00:00,52,2004-04-08 18:04:03.922000+00:00,https://randomuser.me/api/portraits/men/32.jpg,2024-11-02 15:05:37.341439,TR,2004,4,8,8,15,2024-11-02 15:06:26.690238
94,SIN 196549000,Jeremy,Denys,Chipman,Canada,Newfoundland and Labrador,-69.5007,-2.6934,V4H 9D5,"Richmond Ave, 8453",jeremy.denys@example.com,M,74cdc350-d4b8-4b3d-9208-321f65ddba64,angrylion283,bowling,J38 V66-3212,C05 G16-2325,1954-12-21 11:11:30.441000+00:00,69,2004-06-02 23:32:42.908000+00:00,https://randomuser.me/api/portraits/men/96.jpg,2024-11-02 15:05:38.169449,CA,2004,6,2,7,12,2024-11-02 15:06:26.690238
95, None,Elif,Taşçı,Samsun,Turkey,Kahramanmaraş,65.835,160.604,71762,"Abanoz Sk, 4350",elif.tasci@example.com,F,4c0666a9-a62a-41b1-817a-ccdd0646cfba,redpeacock821,jiang,(324)-797-6348,(808)-051-4081,1990-11-06 08:52:23.071000+00:00,33,2018-11-07 01:28:04.175000+00:00,https://randomuser.me/api/portraits/women/4.jpg,2024-11-02 15:05:39.389821,TR,2018,11,7,5,13,2024-11-02 15:06:26.690238
96,TFN 595071362,Audrey,Rivera,Melbourne,Australia,Queensland,-89.4312,161.2638,7688,"Taylor St, 4357",audrey.rivera@example.com,F,1c796d96-358a-47ac-be84-567b29c0d64d,crazyfrog482,lancer,06-7083-2803,0441-643-012,1972-08-12 02:23:42.884000+00:00,52,2016-08-14 12:48:38.643000+00:00,https://randomuser.me/api/portraits/women/15.jpg,2024-11-02 15:05:40.211866,AU,2016,8,14,6,12,2024-11-02 15:06:26.690238
97, None,Barbara,Nikitenko,Rivne,Ukraine,Vinnicka,79.5274,100.4107,57644,"Riharda Zorge, 6015",barbara.nikitenko@example.com,F,195b95b0-8317-464f-9541-319370b09629,beautifulelephant194,dallas1,(066) S05-4151,(068) V23-5390,1977-04-22 12:16:54.070000+00:00,47,2006-12-07 22:24:09.326000+00:00,https://randomuser.me/api/portraits/women/46.jpg,2024-11-02 15:05:41.027996,UA,2006,12,7,7,20,2024-11-02 15:06:26.690238
98,SSN 078-71-9597,Susan,Williamson,Las Cruces,United States,North Dakota,87.0632,91.3885,54779,"Forest Ln, 7116",susan.williamson@example.com,F,efc8b47a-73af-4662-9b20-e2e470c004c1,beautifultiger221,birthday4,(270) 237-0480,(904) 606-0182,1995-01-11 00:40:02.157000+00:00,29,2008-05-21 04:35:37.954000+00:00,https://randomuser.me/api/portraits/women/42.jpg,2024-11-02 15:05:41.847159,US,2008,5,21,9,17,2024-11-02 15:06:26.690238
99,FN 05085339763,Leon,Ibrahim,Hamar,Norway,Vestfold,47.0012,-115.6125,1465,"Øvre Lunden, 9886",leon.ibrahim@example.com,M,866ff3f7-8dda-4f35-bc75-f2fdcca3abf4,lazyfrog991,sang,77616792,95015980,1953-08-05 20:01:15.650000+00:00,71,2022-03-31 17:58:09.671000+00:00,https://randomuser.me/api/portraits/men/82.jpg,2024-11-02 15:05:42.666382,NO,2022,3,31,4,11,2024-11-02 15:06:26.690238
